{"cameraMode":{"drawMode":0,"name":"Shaded","section":"Shading Mode"},"sceneLighting":false,"audioPlay":false,"sceneViewState":{"showFog":true,"showMaterialUpdate":false,"showSkybox":false,"showFlares":true,"showImageEffects":true,"showParticleSystems":true},"in2DMode":false,"pivot":{"x":-0.013634491711854935,"y":2.743401288986206,"z":-0.292273610830307},"rotation":{"x":0.01790895313024521,"y":0.6942782998085022,"z":0.017282404005527498,"w":-0.7193002700805664},"size":2.9352831840515138,"orthographic":false}